representation,model,imbalance_strategy,test_predict_seconds,test_accuracy,test_macro_precision,test_macro_recall,test_macro_f1,test_micro_f1,model_label
Sentence embedding,Logistic Regression,median_resample,0.0009963512420654297,0.6728723404255319,0.6305111555111554,0.6447007688143677,0.6329177837155708,0.6728723404255319,"Sentence embedding
Logistic Regression"
Sentence embedding,kNN,median_resample,0.011513233184814453,0.6542553191489362,0.6207576348969791,0.6658610787669389,0.6195559809500982,0.6542553191489362,"Sentence embedding
kNN"
TF-IDF,MultinomialNB,median_resample,0.0,0.6356382978723404,0.6217190416836591,0.5712003693050763,0.5695464565237102,0.6356382978723404,"TF-IDF
MultinomialNB"
TF-IDF,Logistic Regression,median_resample,0.0,0.5877659574468085,0.5614477820305841,0.5971893566570972,0.5621771377563008,0.5877659574468085,"TF-IDF
Logistic Regression"
Sentence embedding,GaussianNB,median_resample,0.018042325973510742,0.6276595744680851,0.5579746153728171,0.5696559953117227,0.5566684809277631,0.6276595744680851,"Sentence embedding
GaussianNB"
TF-IDF,kNN,median_resample,0.015997886657714844,0.5638297872340425,0.5321739619984377,0.580533440056319,0.5313559815878426,0.5638297872340425,"TF-IDF
kNN"
Sentence embedding,MLP,median_resample,0.003070354461669922,0.40691489361702127,0.38708791914831986,0.40946792663584025,0.37369789650355983,0.40691489361702127,"Sentence embedding
MLP"
TF-IDF-dense,MLP,median_resample,0.0017657279968261719,0.14893617021276595,0.16366052790114652,0.16091709376174324,0.14154617617870882,0.14893617021276595,"TF-IDF-dense
MLP"
